{"action": {"mean": [0.047210775315761566, 0.02883528731763363, -0.1485845446586609, -0.0025010076351463795, 0.026408137753605843, 0.027379902079701424, 0.6299911737442017], "std": [0.39688053727149963, 0.3473408818244934, 0.4923990070819855, 0.055332258343696594, 0.07844767719507217, 0.10008778423070908, 0.48269936442375183], "max": [0.9375, 0.9375, 0.9375, 0.3557142913341522, 0.375, 0.375, 1.0], "min": [-0.9375, -0.9375, -0.9375, -0.2582142949104309, -0.375, -0.2871428430080414, 0.0], "q01": [-0.8785714507102966, -0.7553571462631226, -0.9375, -0.1510714292526245, -0.1639285683631897, -0.13777500048279764, 0.0], "q99": [0.9375, 0.9107142686843872, 0.9375, 0.20357142388820648, 0.26357144117355347, 0.375, 1.0]}, "proprio": {"mean": [-0.09923450648784637, 0.013597888872027397, 1.0694644451141357, 2.8289761543273926, 0.30799224972724915, -0.27428528666496277, 0.02809256687760353, -0.027339480817317963], "std": [0.1165396124124527, 0.11478112637996674, 0.10487820953130722, 0.5570290684700012, 0.7221664786338806, 0.3647954761981964, 0.015074742026627064, 0.014990901574492455], "max": [0.13579000532627106, 0.33316105604171753, 1.3660105466842651, 3.473310708999634, 2.6688623428344727, 0.8255361318588257, 0.04233968257904053, 0.0010111660230904818], "min": [-0.46141114830970764, -0.30129560828208923, 0.9083037972450256, 0.35277295112609863, -1.4858465194702148, -1.5227035284042358, -0.0013586411951109767, -0.042040832340717316], "q01": [-0.42401049643754957, -0.27338370531797407, 0.911226047873497, 1.3085840785503386, -0.691297555565834, -1.130668159723282, 0.0016738151130266487, -0.040336399003863335], "q99": [0.08990443304181095, 0.26473945528268716, 1.2910678112506866, 3.2425890421867365, 2.3376442337036116, 0.4659483411908149, 0.040610933862626555, -0.0015016929572448147]}, "num_transitions": 52042, "num_trajectories": 428}